,egg,instar1,instar2,instar3,instar4,instar5,male,female1,female2,female3
a,0.000265309,0.000282989,0.000145889,0.000159262,0.000134168,7.84136E-05,1.61749E-05,0.000147932,4.93833E-05,3.40557E-05
TL,11.6067,11.9566,12.0836,9.69083,6.80589,2.25578,11.6227,15.9707,16,13.64116
TU,38.2689,37.8908,37.8046,36.632,37.4788,37.5558,33.8717,34.2989,36.4237,33.5109