,egg,instar1,instar2,instar3,instar4,male,female1,female2,female3
a,1,0.000732127,0.00105038,0.00124562,0.00110689,4.45E-05,9.07E-04,5.88E-05,0.000645129
TL,-5,4.545,7.24314,5.90572,6.18416,0.0428715,1.69268,-3.41148,-10
TU,40,36.0484,35.2287,31.8775,32.0688,33.0045,30.2094,34.9979,26