,egg,instar1,instar2,instar3,instar4,pupae,male,female1,female2,
a,0.00016854,0.00045232,0.00065038,0.00021499,0.00013012,4.21E-04,0,6.48E-05,1.45E-04,
TL,2.35155,4.76344,8.95598,4.93946,7.80564,11.1266,0,4.2,4.6,
TU,30.5333,27.9674,25.4927,27.5888,39.754,27.7548,0,33.1501,25.1,