,egg,instar1,instar2,instar3,pupae,male,female1,female2,female3,female4,female5,female6,female7
a,0.00145481,0.00184512,0.00135089,0.00065498,0.00032191,0,0.000033,0.000275,0.000275,0.00055,0.00068,0.00055,0
TL,9.8504,9.8504,9.8504,9.8504,9.8504,9.8504,9.8504,9.8504,9.8504,9.8504,9.8504,9.8504,9.8504
TU,30.4,30.4,30.4,30.4,30.4,30.4,30.4,30.4,30.4,30.4,30.4,30.4,30.4