,egg,instar1,pupae,male,female1,
a,0.000447499,0.000122785,1.29E-04,1.89E-05,1.89E-05,
TL,2.83019,1.31278,5.43232,-50.0086032,-50.0086032,
TU,35.2042,34.3918,34.3918,1000,1000,